Product_Name,Discount,Total_Loss
Cubify CubeX 3D Printer Double Head Print,0.7,-9239.97
GBC DocuBind P400 Electric Binding System,0.8,-5552.84
GBC Ibimaster 500 Manual ProClick Binding System,0.7,-3957.1
Cubify CubeX 3D Printer Triple Head Print,0.5,-3839.99
Fellowes PB500 Electric Punch Plastic Comb Binding Machine with Manual Bind,0.8,-3431.67
Lexmark MX611dhe Monochrome Laser Printer,0.7,-3399.98
Chromcraft Bull-Nose Wood Oval Conference Tables & Bases,0.4,-3008.35
Ibico EPK-21 Electric Binding System,0.8,-2929.48
GBC DocuBind TL300 Electric Binding System,0.7,-2682.0
Lexmark MX611dhe Monochrome Laser Printer,0.4,-1869.99
Cisco TelePresence System EX90 Videoconferencing Unit,0.5,-1811.08
"Riverside Palais Royal Lawyers Bookcase, Royale Cherry Finish",0.5,-1665.05
Ibico Hi-Tech Manual Binding System,0.8,-1601.2
Balt Solid Wood Round Tables,0.4,-1522.53
Martin Yale Chadless Opener Electric Letter Opener,0.2,-1499.06
GBC DocuBind TL300 Electric Binding System,0.8,-1480.03
3.6 Cubic Foot Counter Height Office Refrigerator,0.8,-1378.82
GBC DocuBind P400 Electric Binding System,0.7,-1306.55
GBC DocuBind 300 Electric Binding Machine,0.7,-1272.87
"Riverside Furniture Oval Coffee Table, Oval End Table, End Table with Drawer",0.4,-1187.56
Hoover Upright Vacuum With Dirt Cup,0.8,-1181.28
GBC ProClick 150 Presentation Binding System,0.8,-1147.01
GBC Ibimaster 500 Manual ProClick Binding System,0.8,-1141.47
HON 5400 Series Task Chairs for Big and Tall,0.3,-1121.57
Bush Advantage Collection Racetrack Conference Table,0.4,-1119.91
Tennsco Single-Tier Lockers,0.2,-1013.42
Cisco 9971 IP Video Phone Charcoal,0.7,-950.4
"HP Designjet T520 Inkjet Large Format Printer - 24"" Color",0.5,-944.99
Zebra GK420t Direct Thermal/Thermal Transfer Printer,0.7,-938.28
Epson TM-T88V Direct Thermal Printer - Monochrome - Desktop,0.7,-935.96
Swingline SM12-08 MicroCut Jam Free Shredder,0.7,-863.98
O'Sullivan 4-Shelf Bookcase in Odessa Pine,0.7,-833.55
Bush Advantage Collection Racetrack Conference Table,0.5,-814.48
"Atlantic Metals Mobile 4-Shelf Bookcases, Custom Colors",0.7,-786.74
High Speed Automatic Electric Letter Opener,0.2,-786.01
Hon 94000 Series Round Tables,0.4,-734.53
Hon 2090 “Pillow Soft” Series Mid Back Swivel/Tilt Chairs,0.2,-730.55
BoxOffice By Design Rectangular and Half-Moon Meeting Room Tables,0.5,-728.44
"Bevis Oval Conference Table, Walnut",0.4,-720.3
"Chromcraft 48"" x 96"" Racetrack Double Pedestal Table",0.5,-718.23
"Chromcraft Bull-Nose Wood 48"" x 96"" Rectangular Conference Tables",0.4,-694.23
"Tenex Chairmat w/ Average Lip, 45"" x 53""",0.6,-681.12
Hon Racetrack Conference Tables,0.4,-648.4
Okidata MB491 Multifunction Printer,0.7,-643.71
"SAFCO Commercial Wire Shelving, Black",0.2,-635.44
Samsung Galaxy S III - 16GB - pebble blue (T-Mobile),0.4,-587.98
"3D Systems Cube Printer, 2nd Generation, White",0.5,-572.0
Fellowes PB200 Plastic Comb Binding Machine,0.7,-571.17
StarTech.com 10/100 VDSL2 Ethernet Extender Kit,0.7,-559.36
"Office Impressions End Table, 20-1/2""H x 24""W x 20""D",0.3,-552.84
O'Sullivan Plantations 2-Door Library in Landvery Oak,0.32,-546.67
Bretford “Just In Time” Height-Adjustable Multi-Task Work Tables,0.2,-542.62
"Bevis Round Bullnose 29"" High Table Top",0.4,-540.2
Bretford “Just In Time” Height-Adjustable Multi-Task Work Tables,0.5,-538.45
O'Sullivan Living Dimensions 5-Shelf Bookcases,0.32,-534.77
Hon Rectangular Conference Tables,0.5,-525.64
Fellowes PB300 Plastic Comb Binding Machine,0.8,-512.15
Bestar Classic Bookcase,0.7,-509.95
Lexmark MarkNet N8150 Wireless Print Server,0.7,-506.46
SAFCO Boltless Steel Shelving,0.2,-496.61
Avanti 4.4 Cu. Ft. Refrigerator,0.8,-470.55
"Global High-Back Leather Tilter, Burgundy",0.3,-467.36
Hon 5100 Series Wood Tables,0.5,-465.57
Ibico Ibimaster 300 Manual Binding System,0.7,-459.99
Bretford CR4500 Series Slim Rectangular Table,0.45,-459.64
Bush Advantage Collection Racetrack Conference Table,0.45,-458.15
Kensington 7 Outlet MasterPiece Power Center,0.8,-453.85
Premier Automatic Letter Opener,0.2,-449.49
"Global Wood Trimmed Manager's Task Chair, Khaki",0.3,-448.53
Bretford Rectangular Conference Table Tops,0.4,-447.59
Bevis Rectangular Conference Tables,0.5,-446.7
"Bevis Oval Conference Table, Walnut",0.5,-430.62
Chromcraft Round Conference Tables,0.4,-430.5
Novimex Swivel Fabric Task Chair,0.3,-430.29
Tenex Antistatic Computer Chair Mats,0.6,-427.45
"Deflect-o RollaMat Studded, Beveled Mat for Medium Pile Carpeting",0.6,-426.1
Apple iPhone 5,0.4,-422.39
BoxOffice By Design Rectangular and Half-Moon Meeting Room Tables,0.45,-420.0
Chromcraft Rectangular Conference Tables,0.4,-417.07
GBC DocuBind P100 Manual Binding Machine,0.7,-414.95
Bevis Boat-Shaped Conference Table,0.5,-408.89
Bevis 44 x 96 Conference Tables,0.5,-407.68
Hoover Shoulder Vac Commercial Portable Vacuum,0.8,-393.6
Fellowes Officeware Wire Shelving,0.2,-388.07
Panasonic KX MC6040 Color Laser Multifunction Printer,0.7,-386.96
Samsung Galaxy Note 2,0.4,-386.39
Hon 5100 Series Wood Tables,0.4,-384.09
"Sauder Forest Hills Library with Doors, Woodland Oak Finish",0.5,-376.69
LG G2,0.4,-374.99
"Acco 7-Outlet Masterpiece Power Center, Wihtout Fax/Phone Line Protection",0.8,-364.74
Hon 4-Shelf Metal Bookcases,0.7,-363.53
"Office Star - Contemporary Task Swivel chair with Loop Arms, Charcoal",0.3,-357.58
Luxo Professional Fluorescent Magnifier Lamp with Clamp-Mount Base,0.6,-356.73
Jawbone MINI JAMBOX Wireless Bluetooth Speaker,0.2,-350.67
"Iceberg OfficeWorks 42"" Round Tables",0.4,-339.7
GBC DocuBind 200 Manual Binding Machine,0.7,-336.78
GBC DocuBind 300 Electric Binding Machine,0.8,-336.63
Tennsco Double-Tier Lockers,0.2,-330.78
Euro Pro Shark Stick Mini Vacuum,0.8,-329.29
"Brother MFC-9340CDW LED All-In-One Printer, Copier Scanner",0.7,-319.19
"Riverside Palais Royal Lawyers Bookcase, Royale Cherry Finish",0.32,-317.15
Eldon ClusterMat Chair Mat with Cordless Antistatic Protection,0.6,-312.06
BPI Conference Tables,0.5,-306.7
KI Adjustable-Height Table,0.5,-306.09
Bretford Rectangular Conference Table Tops,0.5,-304.67
"Bevis Traditional Conference Table Top, Plinth Base",0.3,-303.36
Catalog Binders with Expanding Posts,0.7,-302.76
Bretford CR8500 Series Meeting Room Furniture,0.5,-300.74
Global Enterprise Series Seating High-Back Swivel/Tilt Chairs,0.3,-298.08
Bretford CR4500 Series Slim Rectangular Table,0.4,-295.98
"Lesro Round Back Collection Coffee Table, End Table",0.4,-295.73
Hon 94000 Series Round Tables,0.2,-293.22
"Rubbermaid ClusterMat Chairmats, Mat Size- 66"" x 60"", Lip 20"" x 11"" -90 Degree Angle",0.6,-292.99
BPI Conference Tables,0.4,-292.1
Riverside Furniture Stanwyck Manor Table Series,0.4,-283.98
StarTech.com 10/100 VDSL2 Ethernet Extender Kit,0.4,-279.68
Wilson Electronics DB Pro Signal Booster,0.4,-279.24
Okidata C610n Printer,0.5,-272.58
GBC VeloBinder Electric Binding Machine,0.7,-266.16
KI Conference Tables,0.5,-265.13
"Iceberg OfficeWorks 42"" Round Tables",0.5,-264.21
Bady BDG101FRU Card Printer,0.4,-264.0
Hon 2111 Invitation Series Corner Table,0.2,-263.81
Hon Every-Day Series Multi-Task Chairs,0.3,-263.17
"Tenex Carpeted, Granite-Look or Clear Contemporary Contour Shape Chair Mats",0.6,-262.33
Hon 2090 “Pillow Soft” Series Mid Back Swivel/Tilt Chairs,0.3,-258.5
Cisco Unified IP Phone 7945G VoIP phone,0.4,-255.74
BPI Conference Tables,0.45,-255.59
Xerox WorkCentre 6505DN Laser Multifunction Printer,0.4,-252.0
Okidata B401 Printer,0.7,-251.99
Hoover Commercial Lightweight Upright Vacuum with E-Z Empty Dirt Cup,0.8,-251.19
"Atlantic Metals Mobile 3-Shelf Bookcases, Custom Colors",0.5,-250.54
Samsung Galaxy S4,0.4,-250.4
Bretford Rectangular Conference Table Tops,0.45,-248.25
Sauder Barrister Bookcases,0.7,-247.8
High-Back Leather Manager's Chair,0.3,-245.68
O'Sullivan 2-Door Barrister Bookcase in Odessa Pine,0.5,-244.32
KI Adjustable-Height Table,0.4,-242.46
APC 7 Outlet Network SurgeArrest Surge Protector,0.8,-241.44
O'Sullivan Living Dimensions 3-Shelf Bookcases,0.5,-241.18
"Atlantic Metals Mobile 5-Shelf Bookcases, Custom Colors",0.7,-240.78
"Tenex ""The Solids"" Textured Chair Mats",0.6,-240.66
Balt Split Level Computer Training Table,0.5,-235.88
GBC DocuBind P50 Personal Binding Machine,0.7,-235.45
Ibico Hi-Tech Manual Binding System,0.7,-228.74
Belkin 5 Outlet SurgeMaster Power Centers,0.8,-226.64
Honeywell Enviracaire Portable Air Cleaner for up to 8 x 10 Room,0.8,-225.56
Cisco IP Phone 7961G-GE VoIP phone,0.4,-225.24
LG Exalt,0.4,-223.07
Tenex Antistatic Computer Chair Mats,0.2,-222.27
O'Sullivan Living Dimensions 5-Shelf Bookcases,0.2,-220.98
"Gould Plastics 18-Pocket Panel Bin, 34w x 5-1/4d x 20-1/2h",0.2,-220.78
Bretford CR4500 Series Slim Rectangular Table,0.3,-219.37
"SAFCO PlanMaster Boards, 60w x 37-1/2d, White Melamine",0.5,-218.87
Safco Industrial Wire Shelving System,0.2,-218.35
Nortel Meridian M5316 Digital phone,0.4,-217.52
Bestar Classic Bookcase,0.5,-216.98
Hon 2111 Invitation Series Corner Table,0.4,-213.56
Office Star Flex Back Scooter Chair with White Frame,0.3,-213.08
"Bush Heritage Pine Collection 5-Shelf Bookcase, Albany Pine Finish, *Special Order",0.5,-211.47
"Bevis Round Conference Table Top, X-Base",0.5,-209.77
O'Sullivan Plantations 2-Door Library in Landvery Oak,0.5,-205.0
"Hon 30"" x 60"" Table with Locking Drawer",0.4,-204.64
"Lesro Round Back Collection Coffee Table, End Table",0.5,-202.63
O'Sullivan 4-Shelf Bookcase in Odessa Pine,0.5,-199.62
"Global High-Back Leather Tilter, Burgundy",0.2,-199.24
"Chromcraft Bull-Nose Wood Round Conference Table Top, Wood Base",0.3,-198.24
Eldon Cleatmat Plus Chair Mats for High Pile Carpets,0.6,-194.82
Mitel MiVoice 5330e IP Phone,0.4,-192.49
"Hon Metal Bookcases, Black",0.7,-191.65
Tripp Lite Isotel 8 Ultra 8 Outlet Metal Surge,0.8,-191.62
"Bush Westfield Collection Bookcases, Dark Cherry Finish, Fully Assembled",0.7,-190.85
O'Sullivan Manor Hill 2-Door Library in Brianna Oak,0.32,-190.03
Polycom SoundPoint IP 450 VoIP phone,0.4,-189.72
"Wilson Jones Elliptical Ring 3 1/2"" Capacity Binders, 800 sheets",0.7,-188.75
Catalog Binders with Expanding Posts,0.8,-188.38
Tripp Lite Isotel 6 Outlet Surge Protector with Fax/Modem Protection,0.8,-186.57
High-Back Leather Manager's Chair,0.2,-185.89
"Belkin 19"" Vented Equipment Shelf, Black",0.2,-185.84
Global Commerce Series High-Back Swivel/Tilt Chairs,0.3,-185.24
Chromcraft Rectangular Conference Tables,0.5,-184.84
Global Low Back Tilter Chair,0.2,-183.78
O'Sullivan 2-Shelf Heavy-Duty Bookcases,0.7,-183.63
"Eldon ""L"" Workstation Diamond Chairmat",0.6,-182.35
Fellowes Command Center 5-outlet power strip,0.8,-179.78
Eureka Sanitaire  Commercial Upright,0.8,-178.97
Hon 2111 Invitation Series Straight Table,0.3,-178.87
Belkin F9S820V06 8 Outlet Surge,0.8,-178.64
Acco 6 Outlet Guardian Premium Plus Surge Suppressor,0.8,-177.52
"Bevis Round Conference Table Top, X-Base",0.2,-177.5
Ibico Laser Imprintable Binding System Covers,0.7,-176.06
Avery Arch Ring Binders,0.8,-172.56
Epson Perfection V600 Photo Scanner,0.7,-172.49
"Chromcraft Bull-Nose Wood 48"" x 96"" Rectangular Conference Tables",0.5,-170.8
"Global Geo Office Task Chair, Gray",0.2,-170.06
"Bevis Oval Conference Table, Walnut",0.3,-169.64
"Deflect-o EconoMat Studded, No Bevel Mat for Low Pile Carpeting",0.6,-168.59
"Bush Andora Bookcase, Maple/Graphite Gray Finish",0.5,-167.99
"Premier Elliptical Ring Binder, Black",0.7,-167.42
Chromcraft Round Conference Tables,0.45,-167.32
Office Impressions Heavy Duty Welded Shelving & Multimedia Storage Drawers,0.2,-167.27
"Eureka The Boss Plus 12-Amp Hard Box Upright Vacuum, Red",0.8,-166.39
Harmony Air Purifier,0.8,-166.32
Cisco 8961 IP Phone Charcoal,0.7,-164.95
Global Enterprise Series Seating High-Back Swivel/Tilt Chairs,0.2,-162.59
Laminate Occasional Tables,0.3,-160.3
Sensible Storage WireTech Storage Systems,0.2,-159.7
Bretford Rectangular Conference Table Tops,0.3,-157.97
Cisco 8x8 Inc. 6753i IP Business Phone System,0.4,-157.94
"GBC Velobind Prepunched Cover Sets, Regency Series",0.7,-157.16
Hon Rectangular Conference Tables,0.4,-157.01
"Hon Practical Foundations 30 x 60 Training Table, Light Gray/Charcoal",0.45,-157.01
"Bevis Traditional Conference Table Top, Plinth Base",0.4,-153.35
KI Conference Tables,0.4,-153.12
Bush Advantage Collection Racetrack Conference Table,0.3,-152.72
Logitech VX Revolution Cordless Laser Mouse for Notebooks (Black),0.2,-151.19
Global Deluxe High-Back Office Chair in Storm,0.2,-149.59
Belkin Premiere Surge Master II 8-outlet surge protector,0.8,-148.65
"Holmes Replacement Filter for HEPA Air Cleaner, Very Large Room, HEPA Filter",0.8,-148.63
"Electrix Architect's Clamp-On Swing Arm Lamp, Black",0.6,-147.96
Safco Industrial Wire Shelving,0.2,-146.86
GBC ProClick 150 Presentation Binding System,0.7,-145.35
GBC VeloBinder Electric Binding Machine,0.8,-145.18
"Wilson Jones Ledger-Size, Piano-Hinge Binder, 2"", Blue",0.8,-144.25
"Office Star - Contemporary Task Swivel chair with Loop Arms, Charcoal",0.2,-144.08
"Bush Westfield Collection Bookcases, Dark Cherry Finish",0.7,-143.79
Bevis 44 x 96 Conference Tables,0.4,-142.07
Bevis Rectangular Conference Tables,0.4,-140.14
Novimex High-Tech Fabric Mesh Task Chair,0.2,-138.41
Sauder Camden County Collection Library,0.32,-137.98
Lock-Up Easel 'Spel-Binder',0.7,-137.8
"Premier Elliptical Ring Binder, Black",0.8,-136.37
"Sauder Mission Library with Doors, Fruitwood Finish",0.32,-136.22
Space Solutions Commercial Steel Shelving,0.2,-135.76
Tenex Chairmats For Use with Hard Floors,0.6,-135.12
"Global Wood Trimmed Manager's Task Chair, Khaki",0.2,-133.74
"Carina Mini System Audio Rack, Model AR050B",0.2,-132.07
Samsung Galaxy Note 3,0.4,-131.99
Riverside Furniture Stanwyck Manor Table Series,0.3,-131.95
Carina Media Storage Towers in Natural & Black,0.2,-131.72
"Carina 42""Hx23 3/4""W Media Storage Unit",0.2,-131.19
Kensington 7 Outlet MasterPiece HOMEOFFICE Power Control Center,0.8,-131.12
GBC Premium Transparent Covers with Diagonal Lined Pattern,0.8,-127.56
Kensington 4 Outlet MasterPiece Compact Power Control Center,0.8,-126.86
Global Comet Stacking Arm Chair,0.3,-126.75
O'Sullivan Cherrywood Estates Traditional Barrister Bookcase,0.3,-126.48
"Tennsco Snap-Together Open Shelving Units, Starter Sets and Add-On Units",0.2,-125.77
Office Star - Mesh Screen back chair with Vinyl seat,0.3,-124.43
ClearOne CHATAttach 160 - speaker phone,0.4,-124.0
Tennsco Industrial Shelving,0.2,-123.25
"Hon Practical Foundations 30 x 60 Training Table, Light Gray/Charcoal",0.4,-122.88
Hon Multipurpose Stacking Arm Chairs,0.3,-121.3
Epson TM-T88V Direct Thermal Printer - Monochrome - Desktop,0.4,-121.27
Bretford CR8500 Series Meeting Room Furniture,0.4,-120.29
Avery Arch Ring Binders,0.7,-120.27
Bevis Round Conference Table Top & Single Column Base,0.3,-118.54
Hon Racetrack Conference Tables,0.3,-118.13
Global Adaptabilities Conference Tables,0.4,-118.01
"Bush Birmingham Collection Bookcase, Dark Cherry",0.3,-117.88
Global Deluxe Steno Chair,0.3,-117.01
Polycom CX600 IP Phone VoIP phone,0.4,-116.98
"Chromcraft 48"" x 96"" Racetrack Double Pedestal Table",0.4,-115.43
GE 2-Jack Phone Line Splitter,0.4,-115.35
O'Sullivan Living Dimensions 2-Shelf Bookcases,0.15,-114.93
"Global Leather Highback Executive Chair with Pneumatic Height Adjustment, Black",0.3,-114.56
KI Adjustable-Height Table,0.45,-114.35
Apple iPhone 5S,0.4,-114.0
"Bush Westfield Collection Bookcases, Medium Cherry Finish",0.5,-113.64
Vinyl Sectional Post Binders,0.7,-113.1
Safco Industrial Shelving,0.2,-112.99
Bevis 36 x 72 Conference Tables,0.4,-112.04
"Premium Transparent Presentation Covers, No Pattern/Clear, 8 1/2"" x 11""",0.7,-111.69
Zebra GX420t Direct Thermal/Thermal Transfer Printer,0.5,-111.5
Balt Solid Wood Rectangular Table,0.45,-110.76
Chromcraft Round Conference Tables,0.3,-109.8
3M Replacement Filter for Office Air Cleaner for 20' x 33' Room,0.8,-108.83
"Global Leather & Oak Executive Chair, Burgundy",0.2,-108.64
Polycom CX300 Desktop Phone USB VoIP phone,0.4,-107.99
Motorola Droid Maxx,0.4,-107.99
Compact Automatic Electric Letter Opener,0.2,-107.38
"SAFCO PlanMaster Boards, 60w x 37-1/2d, White Melamine",0.4,-106.39
Eldon Advantage Foldable Chair Mats for Low Pile Carpets,0.6,-105.69
Premier Electric Letter Opener,0.2,-104.27
"Bevis Round Conference Table Top, X-Base",0.4,-103.99
Global Deluxe Steno Chair,0.2,-103.92
"Bush Cubix Collection Bookcases, Fully Assembled",0.7,-103.86
Carina Double Wide Media Storage Towers in Natural & Black,0.2,-103.65
Satellite Sectional Post Binders,0.8,-103.32
Bush Advantage Collection Round Conference Table,0.45,-102.05
GBC Standard Therm-A-Bind Covers,0.7,-101.67
Polycom VVX 310 VoIP phone,0.4,-100.79
Motorola HK250 Universal Bluetooth Headset,0.2,-99.32
Chromcraft Bull-Nose Wood Oval Conference Tables & Bases,0.2,-99.18
"Atlantic Metals Mobile 2-Shelf Bookcases, Custom Colors",0.7,-98.8
Okidata C331dn Printer,0.4,-97.72
Hon 4700 Series Mobuis Mid-Back Task Chairs with Adjustable Arms,0.3,-96.11
"Situations Contoured Folding Chairs, 4/Set",0.3,-95.82
"Bush Andora Conference Table, Maple/Graphite Gray Finish",0.3,-95.75
Bush Advantage Collection Round Conference Table,0.3,-95.67
"C-Line Cubicle Keepers Polyproplyene Holder w/Velcro Back, 8-1/2x11, 25/Bx",0.6,-95.25
Balt Solid Wood Rectangular Table,0.4,-94.94
Office Star - Mesh Screen back chair with Vinyl seat,0.2,-94.31
"Safco Value Mate Series Steel Bookcases, Baked Enamel Finish on Steel, Gray",0.5,-93.69
Fellowes Stor/Drawer Steel Plus Storage Drawers,0.2,-93.52
Samsung Convoy 3,0.4,-93.23
"Wilson Jones Elliptical Ring 3 1/2"" Capacity Binders, 800 sheets",0.8,-92.88
Jabra SPEAK 410 Multidevice Speakerphone,0.4,-92.7
Wilson Jones Legal Size Ring Binders,0.8,-92.36
Rush Hierlooms Collection Rich Wood Bookcases,0.32,-91.76
Fellowes 8 Outlet Superior Workstation Surge Protector w/o Phone/Fax/Modem Protection,0.8,-90.77
Wilson Jones Century Plastic Molded Ring Binders,0.7,-90.76
"Office Star - Contemporary Task Swivel chair with 2-way adjustable arms, Plum",0.3,-90.38
"Atlantic Metals Mobile 5-Shelf Bookcases, Custom Colors",0.32,-90.29
DMI Eclipse Executive Suite Bookcases,0.2,-90.18
Large Capacity Hanging Post Binders,0.7,-89.82
Polycom SoundStation2 EX Conference phone,0.4,-89.09
Bush Somerset Collection Bookcase,0.5,-89.07
Global Super Steno Chair,0.3,-87.34
"Global Armless Task Chair, Royal Blue",0.3,-87.2
"Conquest 14 Commercial Heavy-Duty Upright Vacuum, Collection System, Accessory Kit",0.8,-87.15
First Data FD10 PIN Pad,0.2,-86.9
GBC Twin Loop Wire Binding Elements,0.7,-86.53
Fellowes Bankers Box Stor/Drawer Steel Plus,0.2,-86.35
Acco D-Ring Binder w/DublLock,0.8,-86.16
Novimex Fabric Task Chair,0.2,-85.37
Belkin 8 Outlet Surge Protector,0.8,-85.24
"Eldon ""L"" Workstation Diamond Chairmat",0.2,-85.1
"Gould Plastics 9-Pocket Panel Bin, 18-3/8w x 5-1/4d x 20-1/2h, Black",0.2,-84.78
"Barricks 18"" x 48"" Non-Folding Utility Table with Bottom Storage Shelf",0.4,-84.67
"Performers Binder/Pad Holder, Black",0.8,-84.09
Bevis Boat-Shaped Conference Table,0.4,-83.88
"SAFCO PlanMaster Heigh-Adjustable Drafting Table Base, 43w x 30d x 30-37h, Black",0.4,-83.87
O'Sullivan 5-Shelf Heavy-Duty Bookcases,0.5,-81.94
Geemarc AmpliPOWER60,0.4,-81.66
Novimex Swivel Fabric Task Chair,0.2,-81.53
O'Sullivan Manor Hill 2-Door Library in Brianna Oak,0.2,-81.44
"Wilson Jones Ledger-Size, Piano-Hinge Binder, 2"", Blue",0.7,-81.14
Google Nexus 5,0.4,-81.0
"GBC Twin Loop Wire Binding Elements, 9/16"" Spine, Black",0.8,-80.21
Global Ergonomic Managers Chair,0.3,-79.63
GBC ProClick Punch Binding System,0.8,-79.34
Eldon Executive Woodline II Cherry Finish Desk Accessories,0.6,-78.51
Eldon Cleatmat Chair Mats for Medium Pile Carpets,0.6,-78.25
Hon 61000 Series Interactive Training Tables,0.4,-78.2
Fellowes Superior 10 Outlet Split Surge Protector,0.8,-77.64
"Howard Miller 13-3/4"" Diameter Brushed Chrome Round Wall Clock",0.6,-77.63
Wilson Jones Heavy-Duty Casebound Ring Binders with Metal Hinges,0.8,-77.59
"Tennsco Stur-D-Stor Boltless Shelving, 5 Shelves, 24"" Deep, Sand",0.2,-77.13
"Chromcraft 48"" x 96"" Racetrack Double Pedestal Table",0.3,-76.95
Avery Recycled Flexi-View Covers for Binding Systems,0.8,-76.94
"Eldon Base for stackable storage shelf, platinum",0.2,-75.93
Deflect-o DuraMat Antistatic Studded Beveled Mat for Medium Pile Carpeting,0.6,-75.84
Fellowes Bankers Box Recycled Super Stor/Drawer,0.2,-75.57
"Avery Trapezoid Extra Heavy Duty 4"" Binders",0.7,-75.49
Canvas Sectional Post Binders,0.7,-74.85
Wireless Extenders zBoost YX545 SOHO Signal Booster,0.4,-73.71
Novimex Fabric Task Chair,0.3,-73.18
Fellowes Bankers Box Staxonsteel Drawer File/Stacking System,0.2,-72.78
Global Low Back Tilter Chair,0.3,-72.71
Wilson SignalBoost 841262 DB PRO Amplifier Kit,0.4,-71.99
Jabra Supreme Plus Driver Edition Headset,0.4,-71.99
Case Logic 2.4GHz Wireless Keyboard,0.2,-71.99
"Chromcraft Bull-Nose Wood Round Conference Table Top, Wood Base",0.5,-71.89
"Sauder Facets Collection Library, Sky Alder Finish",0.3,-71.81
Hewlett-Packard Deskjet F4180 All-in-One Color Ink-jet - Printer / copier / scanner,0.7,-71.4
Acco Smartsocket Color-Coded Six-Outlet AC Adapter Model Surge Protectors,0.8,-71.3
"Tenex Traditional Chairmats for Medium Pile Carpet, Standard Lip, 36"" x 48""",0.6,-70.96
"Belkin 19"" Center-Weighted Shelf, Gray",0.2,-70.78
"Bush Heritage Pine Collection 5-Shelf Bookcase, Albany Pine Finish, *Special Order",0.3,-70.49
O'Sullivan Living Dimensions 3-Shelf Bookcases,0.15,-70.34
KI Conference Tables,0.3,-69.47
GBC Linen Binding Covers,0.8,-69.4
Hon Deluxe Fabric Upholstered Stacking Chairs,0.3,-68.31
Novimex Turbo Task Chair,0.2,-68.14
"Bevis Round Conference Table Top, X-Base",0.3,-68.13
"Office Star - Contemporary Task Swivel chair with 2-way adjustable arms, Plum",0.2,-68.11
Aastra 57i VoIP phone,0.4,-67.88
Fellowes Econo/Stor Drawers,0.2,-67.85
Flat Face Poster Frame,0.6,-67.82
"Bush Heritage Pine Collection 5-Shelf Bookcase, Albany Pine Finish, *Special Order",0.32,-67.67
"Sauder Forest Hills Library, Woodland Oak Finish",0.2,-67.67
Kensington 6 Outlet SmartSocket Surge Protector,0.8,-67.62
"Fellowes Strictly Business Drawer File, Letter/Legal Size",0.2,-67.61
"Howard Miller 16"" Diameter Gallery Wall Clock",0.6,-67.14
Balt Split Level Computer Training Table,0.4,-66.6
"Global Leather & Oak Executive Chair, Burgundy",0.3,-66.39
Electrix Halogen Magnifier Lamp,0.6,-66.06
Clearsounds A400,0.4,-64.67
DYMO CardScan Personal V9 Business Card Scanner,0.7,-64.0
Global Highback Leather Tilter in Burgundy,0.3,-63.69
V7 USB Numeric Keypad,0.2,-63.68
"Sauder Camden County Collection Libraries, Planked Cherry Finish",0.2,-63.24
GBC Wire Binding Strips,0.7,-62.85
Belkin 8 Outlet SurgeMaster II Gold Surge Protector,0.8,-62.38
"Tenex Traditional Chairmats for Hard Floors, Average Lip, 36"" x 48""",0.6,-61.87
"Chromcraft Bull-Nose Wood 48"" x 96"" Rectangular Conference Tables",0.3,-60.61
i.Sound Portable Power - 8000 mAh,0.2,-60.41
Microsoft Natural Keyboard Elite,0.2,-59.88
"Sauder Forest Hills Library, Woodland Oak Finish",0.15,-59.21
Space Solutions HD Industrial Steel Shelving.,0.2,-58.63
OtterBox Commuter Series Case - Samsung Galaxy S4,0.2,-58.48
Ibico Plastic Spiral Binding Combs,0.7,-58.37
"Bush Andora Conference Table, Maple/Graphite Gray Finish",0.4,-58.13
Fellowes Staxonsteel Drawer Files,0.2,-57.95
Binding Machine Supplies,0.7,-57.76
"Contico 72""H Heavy-Duty Storage System",0.2,-57.37
Polycom SoundPoint Pro SE-225 Corded phone,0.4,-57.12
Digium D40 VoIP phone,0.4,-56.76
Global Commerce Series Low-Back Swivel/Tilt Chairs,0.3,-56.54
Office Star - Mid Back Dual function Ergonomic High Back Chair with 2-Way Adjustable Arms,0.3,-56.34
"Lesro Sheffield Collection Coffee Table, End Table, Center Table, Corner Table",0.3,-55.67
Cisco CP-7937G Unified IP Conference Station Phone,0.5,-55.66
36X48 HARDFLOOR CHAIRMAT,0.6,-55.6
GBC VeloBind Cover Sets,0.8,-55.58
Aluminum Screw Posts,0.7,-54.94
Global Highback Leather Tilter in Burgundy,0.2,-54.59
Belkin F9G930V10-GRY 9 Outlet Surge,0.8,-54.55
DMI Arturo Collection Mission-style Design Wood Chair,0.3,-54.35
JBL Micro Wireless Portable Bluetooth Speaker,0.4,-53.99
Acco D-Ring Binder w/DublLock,0.7,-53.88
GBC ProClick Punch Binding System,0.7,-53.74
"Howard Miller 14-1/2"" Diameter Chrome Round Wall Clock",0.6,-53.71
"Lesro Sheffield Collection Coffee Table, End Table, Center Table, Corner Table",0.2,-53.53
Sauder Cornerstone Collection Library,0.5,-53.29
Tripp Lite TLP810NET Broadband Surge for Modem/Fax,0.8,-53.01
Fellowes Basic Home/Office Series Surge Protectors,0.8,-52.96
"Sauder Camden County Collection Libraries, Planked Cherry Finish",0.32,-52.89
"Fellowes Premier Superior Surge Suppressor, 10-Outlet, With Phone and Remote",0.8,-52.83
12-1/2 Diameter Round Wall Clock,0.6,-52.75
Dexim XPower Skin Super-Thin Power Case for iPhone 5 - Black,0.4,-52.64
GBC Durable Plastic Covers,0.8,-52.63
"Atlantic Metals Mobile 3-Shelf Bookcases, Custom Colors",0.3,-52.2
AT&T 841000 Phone,0.4,-51.75
Tennsco Regal Shelving Units,0.2,-51.72
GBC DocuBind TL200 Manual Binding Machine,0.7,-51.52
SanDisk Ultra 16 GB MicroSDHC Class 10 Memory Card,0.2,-50.92
Motorola L804,0.4,-50.59
ClearSounds CSC500 Amplified Spirit Phone Corded phone,0.4,-50.39
iOttie XL Car Mount,0.2,-50.37
Tennsco Commercial Shelving,0.2,-50.24
Poly Designer Cover & Back,0.7,-50.13
Global Troy Executive Leather Low-Back Tilter,0.3,-50.1
GBC Twin Loop Wire Binding Elements,0.8,-49.92
Plantronics Voyager Pro Legend,0.4,-49.44
GBC Recycled VeloBinder Covers,0.7,-49.08
Avaya 5410 Digital phone,0.4,-48.95
"Global Task Chair, Black",0.3,-48.35
"GBC Standard Recycled Report Covers, Clear Plastic Sheets",0.8,-48.29
KI Adjustable-Height Table,0.3,-48.15
Hon Comfortask Task/Swivel Chairs,0.3,-47.87
Tennsco 6- and 18-Compartment Lockers,0.2,-47.73
GBC Linen Binding Covers,0.7,-47.71
GBC VeloBinder Manual Binding System,0.7,-47.51
"GBC Standard Recycled Report Covers, Clear Plastic Sheets",0.7,-47.43
Aastra 6757i CT Wireless VoIP phone,0.4,-47.4
"Eldon Expressions Desk Accessory, Wood Photo Frame, Mahogany",0.6,-47.22
Bevis Boat-Shaped Conference Table,0.3,-47.18
Panasonic KX TS208W Corded phone,0.4,-47.03
"Atlantic Metals Mobile 3-Shelf Bookcases, Custom Colors",0.32,-46.98
Cisco SPA301,0.4,-46.8
DAX Black Cherry Wood-Tone Poster Frame,0.6,-46.6
Laminate Occasional Tables,0.2,-46.24
GBC Premium Transparent Covers with Diagonal Lined Pattern,0.7,-46.16
Lexmark S315 Color Inkjet Printer,0.7,-46.0
Surelock Post Binders,0.8,-45.84
Hon 2111 Invitation Series Straight Table,0.5,-45.83
"Contract Clock, 14"", Brown",0.6,-45.72
"Memorex 25GB 6X Branded Blu-Ray Recordable Disc, 30/Pack",0.2,-45.69
Hon Comfortask Task/Swivel Chairs,0.2,-45.59
O'Sullivan 3-Shelf Heavy-Duty Bookcases,0.5,-45.35
"Iceberg OfficeWorks 42"" Round Tables",0.3,-45.29
"Iris 3-Drawer Stacking Bin, Black",0.2,-45.12
"Avery 3 1/2"" Diskette Storage Pages, 10/Pack",0.7,-45.1
Panasonic KX T7736-B Digital phone,0.4,-44.98
SAFCO Arco Folding Chair,0.3,-44.19
"Seth Thomas 16"" Steel Case Clock",0.6,-43.85
Office Star - Ergonomically Designed Knee Chair,0.3,-43.73
GE 30524EE4,0.4,-43.12
Bevis Round Conference Room Tables and Bases,0.3,-43.03
"Avery Trapezoid Ring Binder, 3"" Capacity, Black, 1040 sheets",0.7,-43.03
"Green Canvas Binder for 8-1/2"" x 14"" Sheets",0.7,-42.8
Hon 61000 Series Interactive Training Tables,0.5,-42.65
Howard Miller 12-3/4 Diameter Accuwave DS  Wall Clock,0.6,-42.49
Sauder Barrister Bookcases,0.32,-42.11
"O'Sullivan Elevations Bookcase, Cherry Finish",0.2,-41.91
GBC Durable Plastic Covers,0.7,-41.8
Ibico EB-19 Dual Function Manual Binding System,0.7,-41.52
Ibico Plastic Spiral Binding Combs,0.8,-41.34
"Howard Miller 13-1/2"" Diameter Rosebrook Wall Clock",0.6,-41.26
GBC Instant Report Kit,0.8,-40.76
GBC Recycled Regency Composition Covers,0.8,-40.65
"Acco Flexible ACCOHIDE Square Ring Data Binder, Dark Blue, 11 1/2"" X 14"" 7/8""",0.8,-40.35
Global Super Steno Chair,0.2,-40.31
Logitech K350 2.4Ghz Wireless Keyboard,0.2,-40.31
Heavy-Duty E-Z-D Binders,0.7,-40.15
Anker Astro 15000mAh USB Portable Charger,0.2,-39.99
Office Star Flex Back Scooter Chair with White Frame,0.2,-39.95
"Rubbermaid ClusterMat Chairmats, Mat Size- 66"" x 60"", Lip 20"" x 11"" -90 Degree Angle",0.2,-39.95
Office Star - Contemporary Task Swivel Chair,0.3,-39.95
"Global Value Steno Chair, Gray",0.3,-39.48
GBC Prestige Therm-A-Bind Covers,0.7,-39.46
"Fellowes Twister Kit, Gray/Clear, 3/pkg",0.8,-39.4
Office Star - Ergonomically Designed Knee Chair,0.2,-38.87
Balt Split Level Computer Training Table,0.3,-38.85
Avery Recycled Flexi-View Covers for Binding Systems,0.7,-38.79
"XtraLife ClearVue Slant-D Ring Binder, White, 3""",0.7,-38.76
Cardinal EasyOpen D-Ring Binders,0.7,-38.39
"GBC White Gloss Covers, Plain Front",0.8,-38.23
"Tennsco Lockers, Gray",0.2,-38.18
"Avery Trapezoid Ring Binder, 3"" Capacity, Black, 1040 sheets",0.8,-38.11
GBC Recycled Grain Textured Covers,0.7,-37.99
Rogers Deluxe File Chest,0.2,-37.59
Wilson Jones Leather-Like Binders with DublLock Round Rings,0.8,-37.45
GBC VeloBind Cover Sets,0.7,-37.06
KI Conference Tables,0.2,-36.86
"O'Sullivan Elevations Bookcase, Cherry Finish",0.3,-36.67
Contemporary Wood/Metal Frame,0.6,-36.36
O'Sullivan Living Dimensions 2-Shelf Bookcases,0.2,-36.29
Bush Mission Pointe Library,0.32,-36.24
Logitech G13 Programmable Gameboard with LCD Display,0.2,-36.0
Sauder Inglewood Library Bookcases,0.3,-35.91
"GBC Pre-Punched Binding Paper, Plastic, White, 8-1/2"" x 11""",0.8,-35.82
AT&T 1080 Corded phone,0.4,-35.62
Panasonic Kx-TS550,0.4,-35.41
GBC Plasticlear Binding Covers,0.7,-35.36
Storex Dura Pro Binders,0.8,-35.22
Global Executive Mid-Back Manager's Chair,0.3,-34.92
"Bush Cubix Conference Tables, Fully Assembled",0.4,-34.65
Ibico Recycled Grain-Textured Covers,0.7,-34.54
"Sauder Camden County Collection Libraries, Planked Cherry Finish",0.15,-34.49
Deluxe Heavy-Duty Vinyl Round Ring Binder,0.7,-34.38
Panasonic KX-TG6844B Expandable Digital Cordless Telephone,0.4,-34.31
Flexible Leather- Look Classic Collection Ring Binder,0.8,-34.09
"Pressboard Covers with Storage Hooks, 9 1/2"" x 11"", Light Blue",0.8,-34.03
Holmes Odor Grabber,0.8,-33.89
"Howard Miller 11-1/2"" Diameter Grantwood Wall Clock",0.6,-33.64
"Performers Binder/Pad Holder, Black",0.7,-33.64
Recycled Easel Ring Binders,0.7,-33.57
"Cardinal HOLDit! Binder Insert Strips,Extra Strips",0.8,-33.36
WD My Passport Ultra 2TB Portable External Hard Drive,0.2,-33.32
GBC Plasticlear Binding Covers,0.8,-33.06
Hon Every-Day Chair Series Swivel Task Chairs,0.3,-32.66
"GBC Prepunched Paper, 19-Hole, for Binding Systems, 24-lb",0.7,-32.42
SanDisk Ultra 64 GB MicroSDHC Class 10 Memory Card,0.2,-32.39
"Barricks 18"" x 48"" Non-Folding Utility Table with Bottom Storage Shelf",0.3,-32.26
Sauder Cornerstone Collection Library,0.2,-32.22
Hon 4070 Series Pagoda Round Back Stacking Chairs,0.3,-32.1
Deluxe Heavy-Duty Vinyl Round Ring Binder,0.8,-32.09
"Global Task Chair, Black",0.2,-32.06
"Eldon Delta Triangular Chair Mat, 52"" x 58"", Clear",0.6,-31.86
Balt Solid Wood Rectangular Table,0.2,-31.65
Bionaire 99.97% HEPA Air Cleaner,0.8,-31.54
Recycled Easel Ring Binders,0.8,-31.33
Fellowes Neat Ideas Storage Cubes,0.2,-31.18
Ibico Standard Transparent Covers,0.7,-31.15
Macally Suction Cup Mount,0.2,-31.07
"Lesro Round Back Collection Coffee Table, End Table",0.3,-31.03
SanDisk Ultra 32 GB MicroSDHC Class 10 Memory Card,0.2,-30.94
Acco 6 Outlet Guardian Premium Surge Suppressor,0.8,-30.87
"Dana Fluorescent Magnifying Lamp, White, 36""",0.6,-30.59
Fellowes Presentation Covers for Comb Binding Machines,0.8,-30.55
"Lifetime Advantage Folding Chairs, 4/Carton",0.3,-30.53
"Global Value Mid-Back Manager's Chair, Gray",0.3,-30.45
Hon 4-Shelf Metal Bookcases,0.3,-30.29
Avery Self-Adhesive Photo Pockets for Polaroid Photos,0.7,-29.96
"Eldon Expressions Wood Desk Accessories, Oak",0.6,-29.74
GuestStacker Chair with Chrome Finish Legs,0.3,-29.74
Eldon Antistatic Chair Mats for Low to Medium Pile Carpets,0.2,-29.48
"Padded Folding Chairs, Black, 4/Carton",0.3,-29.15
Avery Premier Heavy-Duty Binder with Round Locking Rings,0.8,-29.13
Tuf-Vin Binders,0.7,-29.05
"Wilson Jones 1"" Hanging DublLock Ring Binders",0.7,-29.04
GBC Personal VeloBind Strips,0.7,-28.99
"Sauder Forest Hills Library with Doors, Woodland Oak Finish",0.2,-28.98
Office Star - Ergonomic Mid Back Chair with 2-Way Adjustable Arms,0.2,-28.96
Fellowes Recycled Storage Drawers,0.2,-28.87
Mophie Juice Pack Helium for iPhone,0.4,-28.8
Space Solutions Industrial Galvanized Steel Shelving.,0.2,-28.37
Avery Heavy-Duty EZD View Binder with Locking Rings,0.8,-28.2
Plantronics 81402,0.4,-27.72
"GE General Use Halogen Bulbs, 100 Watts, 1 Bulb per Pack",0.6,-27.64
"Global Stack Chair without Arms, Black",0.3,-27.28
"Deflect-o EconoMat Studded, No Bevel Mat for Low Pile Carpeting",0.2,-27.27
"Bush Westfield Collection Bookcases, Fully Assembled",0.32,-27.26
"Global Leather and Oak Executive Chair, Black",0.3,-27.09
"Howard Miller 13"" Diameter Goldtone Round Wall Clock",0.6,-26.76
Storex DuraTech Recycled Plastic Frosted Binders,0.8,-26.71
"Angle-D Binders with Locking Rings, Label Holders",0.8,-26.5
"SlimView Poly Binder, 3/8""",0.8,-26.42
Wilson Jones Legal Size Ring Binders,0.7,-26.39
Ibico Plastic and Wire Spiral Binding Combs,0.7,-26.3
"Acco Four Pocket Poly Ring Binder with Label Holder, Smoke, 1""",0.8,-26.08
XtraLife ClearVue Slant-D Ring Binders by Cardinal,0.8,-25.87
Clear Mylar Reinforcing Strips,0.7,-25.79
"Avery Flip-Chart Easel Binder, Black",0.7,-25.74
Global Deluxe High-Back Manager's Chair,0.3,-25.74
Office Star - Contemporary Swivel Chair with Padded Adjustable Arms and Flex Back,0.3,-25.38
AT&T 17929 Lendline Telephone,0.4,-25.33
AT&T CL2909,0.4,-25.2
"Cardinal Slant-D Ring Binder, Heavy Gauge Vinyl",0.7,-25.03
Ibico Recycled Linen-Style Covers,0.8,-25.0
Luxo Professional Magnifying Clamp-On Fluorescent Lamps,0.2,-24.96
WD My Passport Ultra 1TB Portable External Hard Drive,0.2,-24.84
"Deflect-o SuperTray Unbreakable Stackable Tray, Letter, Black",0.6,-24.8
Hoover Commercial Soft Guard Upright Vacuum And Disposable Filtration Bags,0.8,-24.71
Mediabridge Sport Armband iPhone 5s,0.2,-24.68
Eldon ClusterMat Chair Mat with Cordless Antistatic Protection,0.2,-24.56
"SAFCO Commercial Wire Shelving, 72h",0.2,-24.5
Speck Products Candyshell Flip Case,0.4,-24.49
Avery Durable Poly Binders,0.8,-24.44
Texas Instrument TI-15 Fraction Calculator,0.7,-24.28
"Electrix Incandescent Magnifying Lamp, Black",0.6,-24.19
Wilson Jones Impact Binders,0.8,-24.09
"Logitech B530 USB Headset - headset - Full size, Binaural",0.4,-24.04
Insertable Tab Post Binder Dividers,0.7,-23.98
DAX Wood Document Frame.,0.6,-23.89
GBC Imprintable Covers,0.8,-23.83
Insertable Tab Post Binder Dividers,0.8,-23.82
"Acco Pressboard Covers with Storage Hooks, 14 7/8"" x 11"", Executive Red",0.7,-23.81
Staple-based wall hangings,0.6,-23.78
Avery Durable Slant Ring Binders,0.7,-23.76
Avery Non-Stick Binders,0.8,-23.57
"Bevis Oval Conference Table, Walnut",0.2,-23.49
"Riverside Furniture Oval Coffee Table, Oval End Table, End Table with Drawer",0.3,-22.95
Aluminum Screw Posts,0.8,-22.89
Stiletto Hand Letter Openers,0.2,-22.85
Wilson Jones Custom Binder Spines & Labels,0.7,-22.85
Pressboard Hanging Data Binders for Unburst Sheets,0.7,-22.73
Vinyl Sectional Post Binders,0.8,-22.62
Dana Swing-Arm Lamps,0.6,-22.43
Safco Commercial Shelving,0.2,-22.32
Wilson Jones International Size A4 Ring Binders,0.8,-22.14
SpineVue Locking Slant-D Ring Binders by Cardinal,0.7,-22.12
Plantronics Single Ear Headset,0.7,-21.95
Plantronics MX500i Earset,0.2,-21.9
JM Magazine Binder,0.7,-21.79
Eldon Cleatmat Plus Chair Mats for High Pile Carpets,0.2,-21.47
LG Electronics Tone+ HBS-730 Bluetooth Headset,0.4,-21.42
Hon 61000 Series Interactive Training Tables,0.3,-21.33
"DAX Metal Frame, Desktop, Stepped-Edge",0.6,-21.25
"GBC Pre-Punched Binding Paper, Plastic, White, 8-1/2"" x 11""",0.7,-21.11
Cardinal Hold-It CD Pocket,0.8,-21.07
iHome FM Clock Radio with Lightning Dock,0.4,-21.0
Telescoping Adjustable Floor Lamp,0.6,-20.99
"GBC Clear Cover, 8-1/2 x 11, unpunched, 25 covers per pack",0.8,-20.62
Wilson Jones Century Plastic Molded Ring Binders,0.8,-20.56
Ibico Standard Transparent Covers,0.8,-20.44
"Global Geo Office Task Chair, Gray",0.3,-20.25
Hon 4060 Series Tables,0.4,-20.15
Premium Transparent Presentation Covers by GBC,0.8,-20.14
Ibico Covers for Plastic or Wire Binding Elements,0.8,-20.13
"GBC White Gloss Covers, Plain Front",0.7,-19.98
GBC VeloBinder Strips,0.7,-19.97
Bevis 36 x 72 Conference Tables,0.3,-19.92
"Hon Metal Bookcases, Black",0.32,-19.87
"Linden 10"" Round Wall Clock, Black",0.6,-19.86
"Square Ring Data Binders, Rigid 75 Pt. Covers, 11"" x 14-7/8""",0.8,-19.81
DAX Wood Document Frame,0.6,-19.77
"Avery Framed View Binder, EZD Ring (Locking), Navy, 1 1/2""",0.8,-19.76
"Howard Miller 11-1/2"" Diameter Ridgewood Wall Clock",0.6,-19.74
Logitech Desktop MK120 Mouse and keyboard Combo,0.2,-19.63
Logitech Keyboard K120,0.2,-19.6
Holmes HEPA Air Purifier,0.8,-19.6
Okidata C610n Printer,0.3,-19.47
"Executive Impressions 12"" Wall Clock",0.6,-19.44
GBC Standard Plastic Binding Systems Combs,0.8,-19.2
GBC Personal VeloBind Strips,0.8,-19.17
DAX Natural Wood-Tone Poster Frame,0.6,-19.07
Wilson Jones International Size A4 Ring Binders,0.7,-19.03
"GBC Laser Imprintable Binding System Covers, Desert Sand",0.8,-18.84
Belkin QODE FastFit Bluetooth Keyboard,0.2,-18.59
Global Chrome Stack Chair,0.3,-18.51
GBC Imprintable Covers,0.7,-18.45
Imation Clip USB flash drive - 8 GB,0.2,-18.42
ARKON Windshield Dashboard Air Vent Car Mount Holder,0.2,-18.31
"Acco Data Flex Cable Posts For Top & Bottom Load Binders, 6"" Capacity",0.8,-18.25
"Fellowes Twister Kit, Gray/Clear, 3/pkg",0.7,-18.09
Ricoh - Ink Collector Unit for GX3000 Series Printers,0.7,-18.04
Logitech P710e Mobile Speakerphone,0.2,-18.02
"Executive Impressions 14"" Contract Wall Clock with Quartz Movement",0.6,-17.78
Fellowes Super Stor/Drawer Files,0.2,-17.77
GBC Standard Plastic Binding Systems' Combs,0.8,-17.58
Martin-Yale Premier Letter Opener,0.2,-17.52
Hon 5100 Series Wood Tables,0.2,-17.46
Nu-Dell Executive Frame,0.6,-17.44
GBC Wire Binding Combs,0.8,-17.06
Panasonic KX TS3282W Corded phone,0.4,-17.0
Anker 36W 4-Port USB Wall Charger Travel Power Adapter for iPhone 5s 5c 5,0.4,-16.79
Fellowes Black Plastic Comb Bindings,0.7,-16.73
Balt Split Level Computer Training Table,0.2,-16.65
"Deflect-o RollaMat Studded, Beveled Mat for Medium Pile Carpeting",0.2,-16.6
"Eldon Executive Woodline II Desk Accessories, Mahogany",0.6,-16.59
GBC ProClick Spines for 32-Hole Punch,0.8,-16.54
Hewlett-Packard Deskjet 6540 Color Inkjet Printer,0.5,-16.43
Fellowes Binding Cases,0.8,-16.38
O'Sullivan Plantations 2-Door Library in Landvery Oak,0.2,-16.08
Anker Astro Mini 3000mAh Ultra-Compact Portable Charger,0.2,-15.99
Anker Astro Mini 3000mAh Ultra-Compact Portable Charger,0.4,-15.99
GBC Instant Index System for Binding Systems,0.7,-15.98
Bush Somerset Collection Bookcase,0.2,-15.72
Tenex Chairmats For Use with Hard Floors,0.2,-15.59
Mediabridge Sport Armband iPhone 5s,0.4,-15.58
"Bevis Round Bullnose 29"" High Table Top",0.3,-15.58
"Mead 1st Gear 2"" Zipper Binder, Asst. Colors",0.7,-15.56
"Howard Miller 11-1/2"" Diameter Brentwood Wall Clock",0.6,-15.53
Gear Head AU3700S Headset,0.2,-15.46
"Global Fabric Manager's Chair, Dark Gray",0.3,-15.15
"Iceberg OfficeWorks 42"" Round Tables",0.2,-15.1
Belkin 7-Outlet SurgeMaster Home Series,0.8,-15.09
Blue Parrot B250XT Professional Grade Wireless Bluetooth Headset with,0.4,-15.0
"XtraLife ClearVue Slant-D Ring Binder, White, 3""",0.8,-14.97
Imation 8GB Mini TravelDrive USB 2.0 Flash Drive,0.2,-14.79
"Cardinal Slant-D Ring Binder, Heavy Gauge Vinyl",0.8,-14.77
"Avery Flip-Chart Easel Binder, Black",0.8,-14.77
"Executive Impressions 13"" Clairmont Wall Clock",0.6,-14.61
"GBC Clear Cover, 8-1/2 x 11, unpunched, 25 covers per pack",0.7,-14.55
O'Sullivan 4-Shelf Bookcase in Odessa Pine,0.2,-14.52
O'Sullivan Manor Hill 2-Door Library in Brianna Oak,0.15,-14.48
"Eldon Expressions Desk Accessory, Wood Pencil Holder, Oak",0.6,-14.47
"Atlantic Metals Mobile 2-Shelf Bookcases, Custom Colors",0.32,-14.46
GBC ProClick Spines for 32-Hole Punch,0.7,-14.41
Tensor Brushed Steel Torchiere Floor Lamp,0.6,-14.27
3M Organizer Strips,0.7,-14.26
Westinghouse Clip-On Gooseneck Lamps,0.6,-14.23
Accohide Poly Flexible Ring Binders,0.7,-14.21
"Safco Value Mate Series Steel Bookcases, Baked Enamel Finish on Steel, Gray",0.32,-14.2
Pressboard Hanging Data Binders for Unburst Sheets,0.8,-14.17
Anderson Hickey Conga Table Tops & Accessories,0.4,-14.16
"Bush Westfield Collection Bookcases, Fully Assembled",0.3,-14.14
Hon Olson Stacker Stools,0.3,-14.08
"Wilson Jones Clip & Carry Folder Binder Tool for Ring Binders, Clear",0.7,-14.04
iOttie HLCRIO102 Car Mount,0.4,-13.99
Plastic Binding Combs,0.7,-13.94
"Holmes Cool Mist Humidifier for the Whole House with 8-Gallon Output per Day, Extended Life Filter",0.8,-13.93
Wilson Jones Turn Tabs Binder Tool for Ring Binders,0.7,-13.88
Avery Binding System Hidden Tab Executive Style Index Sets,0.8,-13.85
Premium Transparent Presentation Covers by GBC,0.7,-13.85
Fellowes Black Plastic Comb Bindings,0.8,-13.83
Avery Poly Binder Pockets,0.8,-13.75
"Avery Durable Slant Ring Binders, No Labels",0.7,-13.73
Trimflex Flexible Post Binders,0.8,-13.68
Hoover Commercial SteamVac,0.8,-13.58
"Universal Recycled Hanging Pressboard Report Binders, Letter Size",0.7,-13.57
Bevis Steel Folding Chairs,0.3,-13.43
"Acco Pressboard Covers with Storage Hooks, 14 7/8"" x 11"", Light Blue",0.7,-13.4
Rogers Profile Extra Capacity Storage Tub,0.2,-13.39
"Acco PRESSTEX Data Binder with Storage Hooks, Dark Blue, 9 1/2"" X 11""",0.8,-13.34
Cisco Small Business SPA 502G VoIP phone,0.4,-13.33
GBC Instant Index System for Binding Systems,0.8,-13.32
Avery Durable Poly Binders,0.7,-13.27
"C-Line Peel & Stick Add-On Filing Pockets, 8-3/4 x 5-1/8, 10/Pack",0.7,-13.19
"Office Star - Contemporary Task Swivel chair with Loop Arms, Charcoal",0.1,-13.1
Zipper Ring Binder Pockets,0.7,-13.1
Panasonic KX T7731-B Digital phone,0.4,-13.0
Bestar Classic Bookcase,0.32,-13.0
Acco 6 Outlet Guardian Basic Surge Suppressor,0.8,-12.98
Avery Hanging File Binders,0.7,-12.92
"Sauder Forest Hills Library with Doors, Woodland Oak Finish",0.15,-12.88
"Executive Impressions 16-1/2"" Circular Wall Clock",0.6,-12.83
"Lesro Round Back Collection Coffee Table, End Table",0.2,-12.78
"Bush Saratoga Collection 5-Shelf Bookcase, Hanover Cherry, *Special Order",0.15,-12.69
"Global Leather Task Chair, Black",0.2,-12.6
Eldon Shelf Savers Cubes and Bins,0.2,-12.56
Grandstream GXP1160 VoIP phone,0.4,-12.51
Surelock Post Binders,0.7,-12.22
DAX Cubicle Frames - 8x10,0.6,-12.12
Eldon Gobal File Keepers,0.2,-12.11
Acco 6 Outlet Guardian Standard Surge Suppressor,0.8,-12.09
"Global Manager's Adjustable Task Chair, Storm",0.3,-12.08
"Eldon Expressions Punched Metal & Wood Desk Accessories, Black & Cherry",0.6,-12.01
Avery Durable Slant Ring Binders With Label Holder,0.7,-11.95
VariCap6 Expandable Binder,0.7,-11.94
Kingston Digital DataTraveler 32GB USB 2.0,0.2,-11.87
"Alliance Super-Size Bands, Assorted Sizes",0.2,-11.83
Avery Reinforcements for Hole-Punch Pages,0.8,-11.78
Avery Hole Reinforcements,0.7,-11.77
Belkin 6 Outlet Metallic Surge Strip,0.8,-11.76
Cyber Acoustics AC-202b Speech Recognition Stereo Headset,0.2,-11.69
Hon 4070 Series Pagoda Armless Upholstered Stacking Chairs,0.3,-11.67
O'Sullivan 2-Shelf Heavy-Duty Bookcases,0.2,-11.66
GBC Instant Report Kit,0.7,-11.65
"Bush Westfield Collection Bookcases, Medium Cherry Finish",0.32,-11.6
GBC Recycled VeloBinder Covers,0.8,-11.59
GBC VeloBinder Strips,0.8,-11.52
Vtech CS6719,0.4,-11.52
Staple remover,0.2,-11.47
Ibico Plastic and Wire Spiral Binding Combs,0.8,-11.46
Acco Perma 4000 Stacking Storage Drawers,0.2,-11.37
Dax Clear Box Frame,0.6,-11.35
"DAX Copper Panel Document Frame, 5 x 7 Size",0.6,-11.32
Eldon 100 Class Desk Accessories,0.6,-11.32
Accohide Poly Flexible Ring Binders,0.8,-11.22
Avery Hidden Tab Dividers for Binding Systems,0.8,-11.15
GBC Standard Plastic Binding Systems' Combs,0.7,-10.99
Nokia Lumia 521 (T-Mobile),0.4,-10.8
Acco Expandable Hanging Binders,0.7,-10.72
Avery Durable Binders,0.8,-10.71
"Acco Pressboard Covers with Storage Hooks, 14 7/8"" x 11"", Light Blue",0.8,-10.65
Shocksock Galaxy S4 Armband,0.2,-10.51
"Commercial WindTunnel Clean Air Upright Vacuum, Replacement Belts, Filtration Bags",0.8,-10.5
Angle-D Ring Binders,0.7,-10.5
Howard Miller Distant Time Traveler Alarm Clock,0.6,-10.42
Tuf-Vin Binders,0.8,-10.42
Satellite Sectional Post Binders,0.7,-10.42
"Seth Thomas 13 1/2"" Wall Clock",0.6,-10.31
Belkin Standard 104 key USB Keyboard,0.2,-10.21
Wilson Jones “Snap” Scratch Pad Binder Tool for Ring Binders,0.8,-10.15
DAX Clear Channel Poster Frame,0.6,-10.06
I Need's 3d Hello Kitty Hybrid Silicone Case Cover for HTC One X 4g with 3d Hello Kitty Stylus Pen Green/pink,0.4,-10.05
Wilson Jones Leather-Like Binders with DublLock Round Rings,0.7,-10.04
Acco Suede Grain Vinyl Round Ring Binder,0.7,-10.01
UniKeep View Case Binders,0.8,-9.98
"Acco Recycled 2"" Capacity Laser Printer Hanging Data Binders",0.7,-9.97
"Eldon Image Series Desk Accessories, Ebony",0.6,-9.88
Cyber Acoustics AC-202b Speech Recognition Stereo Headset,0.4,-9.87
"GBC Laser Imprintable Binding System Covers, Desert Sand",0.7,-9.85
Avery Heavy-Duty EZD  Binder With Locking Rings,0.7,-9.82
Square Credit Card Reader,0.4,-9.79
Wilson Jones Easy Flow II Sheet Lifters,0.8,-9.79
"Sauder Camden County Barrister Bookcase, Planked Cherry Finish",0.15,-9.68
Avery Hole Reinforcements,0.8,-9.66
"GBC Twin Loop Wire Binding Elements, 9/16"" Spine, Black",0.7,-9.59
Presstex Flexible Ring Binders,0.8,-9.55
Stacking Trays by OIC,0.6,-9.41
Grandstream GXP2100 Mainstream Business Phone,0.4,-9.18
Lunatik TT5L-002 Taktik Strike Impact Protection System for iPhone 5,0.4,-9.18
"Avery Framed View Binder, EZD Ring (Locking), Navy, 1 1/2""",0.7,-9.18
Wilson Jones Active Use Binders,0.7,-9.17
GBC Plastic Binding Combs,0.8,-9.15
"Leather Task Chair, Black",0.3,-9.1
"Stacking Tray, Side-Loading, Legal, Smoke",0.6,-9.09
Anker Ultrathin Bluetooth Wireless Keyboard Aluminum Cover with Stand ,0.2,-9.0
Avery Reinforcements for Hole-Punch Pages,0.7,-8.91
Akro Stacking Bins,0.2,-8.84
Avery Metallic Poly Binders,0.7,-8.82
"SlimView Poly Binder, 3/8""",0.7,-8.7
Harbour Creations 67200 Series Stacking Chairs,0.3,-8.54
"Hoover Replacement Belts For Soft Guard & Commercial Ltweight Upright Vacs, 2/Pk",0.8,-8.53
"DAX Charcoal/Nickel-Tone Document Frame, 5 x 7",0.6,-8.53
GBC Standard Therm-A-Bind Covers,0.8,-8.47
Sony Micro Vault Click 8 GB USB 2.0 Flash Drive,0.2,-8.46
"Wilson Jones 1"" Hanging DublLock Ring Binders",0.8,-8.45
Global Adaptabilities Conference Tables,0.2,-8.43
Cisco SPA525G2 IP Phone - Wireless,0.4,-8.38
Tenex B1-RE Series Chair Mats for Low Pile Carpets,0.2,-8.28
Acco Translucent Poly Ring Binders,0.7,-8.24
Recycled Pressboard Report Cover with Reinforced Top Hinge,0.7,-8.14
Wilson Jones Four-Pocket Poly Binders,0.8,-8.11
"Global Geo Office Task Chair, Gray",0.1,-8.1
Imation 8gb Micro Traveldrive Usb 2.0 Flash Drive,0.2,-8.1
Hon Valutask Swivel Chairs,0.2,-8.08
Global Low Back Tilter Chair,0.1,-8.08
"Global Push Button Manager's Chair, Indigo",0.3,-7.92
"Acco PRESSTEX Data Binder with Storage Hooks, Dark Blue, 9 1/2"" X 11""",0.7,-7.91
Global Italian Leather Office Chair,0.3,-7.86
Avery Durable Binders,0.7,-7.86
XtraLife ClearVue Slant-D Ring Binders by Cardinal,0.7,-7.84
3M Polarizing Light Filter Sleeves,0.6,-7.83
Acco Side-Punched Conventional Columnar Pads,0.2,-7.81
Binder Posts,0.8,-7.81
"Rogers Jumbo File, Granite",0.2,-7.74
Sony 16GB Class 10 Micro SDHC R40 Memory Card,0.2,-7.73
"Deflect-o DuraMat Lighweight, Studded, Beveled Mat for Low Pile Carpeting",0.2,-7.68
"Eldon Imàge Series Desk Accessories, Clear",0.6,-7.44
Acco Perma 2700 Stacking Storage Drawers,0.2,-7.44
Logitech G19 Programmable Gaming Keyboard,0.2,-7.44
Storex Dura Pro Binders,0.7,-7.43
OtterBox Defender Series Case - iPhone 5c,0.4,-7.4
Hoover Portapower Portable Vacuum,0.8,-7.39
"Avery Triangle Shaped Sheet Lifters, Black, 2/Pack",0.7,-7.38
Pressboard Data Binders by Wilson Jones,0.7,-7.37
Wilson Jones 14 Line Acrylic Coated Pressboard Data Binders,0.7,-7.37
Cisco SPA508G,0.4,-7.26
Lexmark 20R1285 X6650 Wireless All-in-One Printer,0.5,-7.2
"Global Stack Chair with Arms, Black",0.3,-7.2
Logitech G105 Gaming Keyboard,0.2,-7.12
Cardinal Slant-D Ring Binders,0.7,-6.95
DAX Two-Tone Silver Metal Document Frame,0.6,-6.88
Wilson Jones Four-Pocket Poly Binders,0.7,-6.87
"Acco Flexible ACCOHIDE Square Ring Data Binder, Dark Blue, 11 1/2"" X 14"" 7/8""",0.7,-6.83
Avery Non-Stick Binders,0.7,-6.74
Ibico Presentation Index for Binding Systems,0.8,-6.57
Cardinal Holdit Business Card Pockets,0.7,-6.57
"LF Elite 3D Dazzle Designer Hard Case Cover, Lf Stylus Pen and Wiper For Apple Iphone 5c Mini Lite",0.4,-6.54
Avery Self-Adhesive Photo Pockets for Polaroid Photos,0.8,-6.54
Wilson Jones Hanging Recycled Pressboard Data Binders,0.7,-6.53
Staple holder,0.8,-6.34
Sterilite Show Offs Storage Containers,0.2,-6.34
"Eldon 400 Class Desk Accessories, Black Carbon",0.6,-6.3
Hon 61000 Series Interactive Training Tables,0.2,-6.22
"Master Caster Door Stop, Large Neon Orange",0.6,-6.19
Revere Boxed Rubber Bands by Revere,0.2,-6.12
Avery Heavy-Duty EZD View Binder with Locking Rings,0.7,-6.12
Poly Designer Cover & Back,0.8,-6.08
Newell 3-Hole Punched Plastic Slotted Magazine Holders for Binders,0.7,-6.03
Prestige Round Ring Binders,0.8,-6.02
iOttie HLCRIO102 Car Mount,0.2,-6.0
Contemporary Borderless Frame,0.6,-5.94
Newell 3-Hole Punched Plastic Slotted Magazine Holders for Binders,0.8,-5.85
"6"" Cubicle Wall Clock, Black",0.6,-5.82
Wilson Jones Standard D-Ring Binders,0.7,-5.82
DXL Angle-View Binders with Locking Rings by Samsill,0.7,-5.78
ACCOHIDE Binder by Acco,0.7,-5.7
"DAX Two-Tone Rosewood/Black Document Frame, Desktop, 5 x 7",0.6,-5.69
Safco Drafting Table,0.3,-5.68
"Tenex V2T-RE Standard Weight Series Chair Mat, 45"" x 53"", Lip 25"" x 12""",0.2,-5.68
"Pressboard Covers with Storage Hooks, 9 1/2"" x 11"", Light Blue",0.7,-5.65
Plymouth Boxed Rubber Bands by Plymouth,0.2,-5.65
"Acco Pressboard Covers with Storage Hooks, 14 7/8"" x 11"", Dark Blue",0.7,-5.6
"Global Armless Task Chair, Royal Blue",0.2,-5.49
36X48 HARDFLOOR CHAIRMAT,0.2,-5.45
Wilson Jones data.warehouse D-Ring Binders with DublLock,0.7,-5.43
Insertable Tab Indexes For Data Binders,0.8,-5.41
"Eldon Delta Triangular Chair Mat, 52"" x 58"", Clear",0.2,-5.31
Acco Economy Flexible Poly Round Ring Binder,0.7,-5.22
"Holmes Visible Mist Ultrasonic Humidifier with 2.3-Gallon Output per Day, Replacement Filter",0.8,-5.21
"Acco Data Flex Cable Posts For Top & Bottom Load Binders, 6"" Capacity",0.7,-5.21
"Angle-D Binders with Locking Rings, Label Holders",0.7,-5.04
Wilson Jones Standard D-Ring Binders,0.8,-5.01
Wilson Jones Turn Tabs Binder Tool for Ring Binders,0.8,-4.92
Sauder Barrister Bookcases,0.2,-4.86
Rosewill 107 Normal Keys USB Wired Standard Keyboard,0.2,-4.85
Nu-Dell Float Frame 11 x 14 1/2,0.6,-4.85
Computer Printout Index Tabs,0.8,-4.84
"Master Caster Door Stop, Large Brown",0.6,-4.8
Round Ring Binders,0.7,-4.78
"Acco Recycled 2"" Capacity Laser Printer Hanging Data Binders",0.8,-4.77
"Safco Wire Cube Shelving System, For Use as 4 or 5 14"" Cubes, Black",0.2,-4.77
Peel & Stick Add-On Corner Pockets,0.7,-4.75
Avery Durable Slant Ring Binders,0.8,-4.75
Eldon Wave Desk Accessories,0.6,-4.71
Ibico Presentation Index for Binding Systems,0.7,-4.58
Acco Translucent Poly Ring Binders,0.8,-4.49
Eureka Disposable Bags for Sanitaire Vibra Groomer I Upright Vac,0.8,-4.47
Storex Flexible Poly Binders with Double Pockets,0.7,-4.44
"Avery Durable Plastic 1"" Binders",0.8,-4.22
Prestige Round Ring Binders,0.7,-4.2
Avery Legal 4-Ring Binder,0.7,-4.2
Serrated Blade or Curved Handle Hand Letter Openers,0.2,-4.18
"Tensor ""Hersey Kiss"" Styled Floor Lamp",0.2,-4.16
Longer-Life Soft White Bulbs,0.6,-4.07
"Eldon Image Series Desk Accessories, Burgundy",0.6,-4.01
G.E. Longer-Life Indoor Recessed Floodlight Bulbs,0.6,-3.98
"Master Caster Door Stop, Brown",0.6,-3.96
Nu-Dell EZ-Mount Plastic Wall Frames,0.6,-3.94
Cush Cases Heavy Duty Rugged Cover Case for Samsung Galaxy S5 - Purple,0.4,-3.86
Insertable Tab Indexes For Data Binders,0.7,-3.82
"ACCOHIDE 3-Ring Binder, Blue, 1""",0.7,-3.8
Flexible Leather- Look Classic Collection Ring Binder,0.7,-3.79
Sterling Rubber Bands by Alliance,0.2,-3.77
Acme Rosewood Handle Letter Opener,0.2,-3.77
Hoover Commercial Lightweight Upright Vacuum,0.8,-3.76
Advantus Panel Wall Acrylic Frame,0.6,-3.72
"Avery Triangle Shaped Sheet Lifters, Black, 2/Pack",0.8,-3.69
Acco Hanging Data Binders,0.8,-3.66
Presstex Flexible Ring Binders,0.7,-3.64
Heavy-Duty E-Z-D Binders,0.8,-3.6
"Acco PRESSTEX Data Binder with Storage Hooks, Light Blue, 9 1/2"" X 11""",0.7,-3.55
GBC Poly Designer Binding Covers,0.7,-3.52
UniKeep View Case Binders,0.7,-3.52
Avery Binding System Hidden Tab Executive Style Index Sets,0.7,-3.46
Round Ring Binders,0.8,-3.43
Acco Perma 3000 Stacking Storage Drawers,0.2,-3.36
Anderson Hickey Conga Table Tops & Accessories,0.2,-3.35
SAFCO Optional Arm Kit for Workspace Cribbage Stacking Chair,0.3,-3.2
"Super Bands, 12/Pack",0.2,-3.16
Maxell LTO Ultrium - 800 GB,0.2,-3.08
Tuff Stuff Recycled Round Ring Binders,0.7,-3.04
Tuff Stuff Recycled Round Ring Binders,0.8,-2.99
Hon 2111 Invitation Series Straight Table,0.2,-2.96
Kingston Digital DataTraveler 8GB USB 2.0,0.2,-2.86
Avery Hidden Tab Dividers for Binding Systems,0.7,-2.86
Avery Printable Repositionable Plastic Tabs,0.8,-2.84
Acco Suede Grain Vinyl Round Ring Binder,0.8,-2.84
Logitech Media Keyboard K200,0.2,-2.8
Peel & Stick Add-On Corner Pockets,0.8,-2.76
Binder Posts,0.7,-2.76
2300 Heavy-Duty Transfer File Systems by Perma,0.2,-2.75
"Safco Chair Connectors, 6/Carton",0.3,-2.69
"Acco Pressboard Covers with Storage Hooks, 14 7/8"" x 11"", Executive Red",0.8,-2.67
"Cardinal HOLDit! Binder Insert Strips,Extra Strips",0.7,-2.66
"Avery Durable Slant Ring Binders, No Labels",0.8,-2.63
SAFCO Folding Chair Trolley,0.3,-2.56
"Pressboard Data Binder, Crimson, 12"" X 8 1/2""",0.7,-2.56
"Perma STOR-ALL Hanging File Box, 13 1/8""W x 12 1/4""D x 10 1/2""H",0.2,-2.51
Imation 30456 USB Flash Drive 8GB,0.2,-2.48
Self-Adhesive Ring Binder Labels,0.7,-2.43
Avery Round Ring Poly Binders,0.7,-2.39
Self-Adhesive Ring Binder Labels,0.8,-2.32
Griffin GC36547 PowerJolt SE Lightning Charger,0.4,-2.25
Fellowes Super Stor/Drawer,0.2,-2.22
Wilson Jones Impact Binders,0.7,-2.18
OIC Stacking Trays,0.6,-2.14
"Floodlight Indoor Halogen Bulbs, 1 Bulb per Pack, 60 Watts",0.6,-2.13
"Tenex ""The Solids"" Textured Chair Mats",0.2,-2.1
PNY Rapid USB Car Charger - Black,0.4,-2.08
"Metal Folding Chairs, Beige, 4/Carton",0.3,-2.04
Texas Instruments TI-34 Scientific Calculator,0.5,-1.98
"Universal Recycled Hanging Pressboard Report Binders, Letter Size",0.8,-1.97
Zipper Ring Binder Pockets,0.8,-1.93
Economy Binders,0.8,-1.93
Acco 3-Hole Punch,0.7,-1.93
"Avery Durable Plastic 1"" Binders",0.7,-1.91
GBC Standard Plastic Binding Systems Combs,0.7,-1.86
Acco Economy Flexible Poly Round Ring Binder,0.8,-1.83
Penpower WorldCard Pro Card Scanner,0.5,-1.83
Acme Serrated Blade Letter Opener,0.2,-1.81
Wilson Jones Suede Grain Vinyl Binders,0.7,-1.75
Acco Hanging Data Binders,0.7,-1.68
G.E. Halogen Desk Lamp Bulbs,0.6,-1.68
Kingston Digital DataTraveler 16GB USB 2.0,0.2,-1.61
Wilson Jones Easy Flow II Sheet Lifters,0.7,-1.58
Woodgrain Magazine Files by Perma,0.2,-1.55
"Black Avery Memo-Size 3-Ring Binder, 5 1/2"" x 8 1/2""",0.7,-1.54
"GE General Purpose, Extra Long Life, Showcase & Floodlight Incandescent Bulbs",0.6,-1.51
KeyTronic KT800P2 - Keyboard - Black,0.2,-1.5
Logitech Wireless Touch Keyboard K400,0.2,-1.5
"DAX Value U-Channel Document Frames, Easel Back",0.6,-1.44
3M Hangers With Command Adhesive,0.6,-1.41
Acco 3-Hole Punch,0.8,-1.4
SanDisk Cruzer 8 GB USB Flash Drive,0.2,-1.36
Wilson Jones DublLock D-Ring Binders,0.7,-1.35
Rubber Band Ball,0.2,-1.35
Avery Durable Slant Ring Binders With Label Holder,0.8,-1.34
"Master Caster Door Stop, Gray",0.6,-1.32
Micro Innovations Wireless Classic Keyboard with Mouse,0.2,-1.2
Hoover Replacement Belt for Commercial Guardsman Heavy-Duty Upright Vacuum,0.8,-1.11
"Global Deluxe Stacking Chair, Gray",0.3,-1.02
C-Line Cubicle Keepers Polyproplyene Holder With Velcro Backings,0.6,-0.99
Avery Binder Labels,0.7,-0.86
"Brites Rubber Bands, 1 1/2 oz. Box",0.2,-0.71
Bagged Rubber Bands,0.2,-0.6
Tensor Brushed Steel Torchiere Floor Lamp,0.2,-0.34
SanDisk Cruzer 16 GB USB Flash Drive,0.2,-0.34